[{"pk": 12, "model": "contenttypes.contenttype", "fields": {"model": "analytic", "name": "analytic", "app_label": "morbid"}}, {"pk": 8, "model": "contenttypes.contenttype", "fields": {"model": "apikey", "name": "api key", "app_label": "apikey"}}, {"pk": 16, "model": "contenttypes.contenttype", "fields": {"model": "apikey", "name": "api key", "app_label": "morbid"}}, {"pk": 4, "model": "contenttypes.contenttype", "fields": {"model": "contenttype", "name": "content type", "app_label": "contenttypes"}}, {"pk": 11, "model": "contenttypes.contenttype", "fields": {"model": "feature", "name": "feature", "app_label": "morbid"}}, {"pk": 14, "model": "contenttypes.contenttype", "fields": {"model": "featureanalyticticker", "name": "feature analytic ticker", "app_label": "morbid"}}, {"pk": 2, "model": "contenttypes.contenttype", "fields": {"model": "group", "name": "group", "app_label": "auth"}}, {"pk": 7, "model": "contenttypes.contenttype", "fields": {"model": "logentry", "name": "log entry", "app_label": "admin"}}, {"pk": 1, "model": "contenttypes.contenttype", "fields": {"model": "permission", "name": "permission", "app_label": "auth"}}, {"pk": 5, "model": "contenttypes.contenttype", "fields": {"model": "session", "name": "session", "app_label": "sessions"}}, {"pk": 6, "model": "contenttypes.contenttype", "fields": {"model": "site", "name": "site", "app_label": "sites"}}, {"pk": 15, "model": "contenttypes.contenttype", "fields": {"model": "targetprice", "name": "target price", "app_label": "morbid"}}, {"pk": 13, "model": "contenttypes.contenttype", "fields": {"model": "ticker", "name": "ticker", "app_label": "morbid"}}, {"pk": 9, "model": "contenttypes.contenttype", "fields": {"model": "token", "name": "token", "app_label": "apikey"}}, {"pk": 10, "model": "contenttypes.contenttype", "fields": {"model": "unit", "name": "unit", "app_label": "morbid"}}, {"pk": 3, "model": "contenttypes.contenttype", "fields": {"model": "user", "name": "user", "app_label": "auth"}}, {"pk": "e421b4403629dda4011f935db328a597", "model": "sessions.session", "fields": {"expire_date": "2013-03-13T11:39:24.201Z", "session_data": "YzFjYzRiYmM1N2VjOTUyZDQ2NTRiY2QyNzRjYmMwM2NhY2M0NmQ4MzqAAn1xAShVEl9hdXRoX3Vz\nZXJfYmFja2VuZHECVSlkamFuZ28uY29udHJpYi5hdXRoLmJhY2tlbmRzLk1vZGVsQmFja2VuZHED\nVQ1fYXV0aF91c2VyX2lkcQRLAXUu\n"}}, {"pk": 1, "model": "sites.site", "fields": {"domain": "example.com", "name": "example.com"}}, {"pk": 1, "model": "morbid.unit", "fields": {"name": "Percent", "value": "%"}}, {"pk": 2, "model": "morbid.unit", "fields": {"name": "Days", "value": "d"}}, {"pk": 1, "model": "morbid.feature", "fields": {"slug": "reach_time", "description": "", "name": "Reach time", "unit": 2, "display_in_frontpage": true}}, {"pk": 2, "model": "morbid.feature", "fields": {"slug": "closeness", "description": "", "name": "Closeness", "unit": 1, "display_in_frontpage": false}}, {"pk": 3, "model": "morbid.feature", "fields": {"slug": "profitability", "description": "", "name": "Profitability", "unit": 1, "display_in_frontpage": true}}, {"pk": 4, "model": "morbid.feature", "fields": {"slug": "max_profitability", "description": "", "name": "Max profitability", "unit": 1, "display_in_frontpage": false}}, {"pk": 5, "model": "morbid.feature", "fields": {"slug": "impact_to_market", "description": "", "name": "Impact to market", "unit": 1, "display_in_frontpage": false}}, {"pk": 6, "model": "morbid.feature", "fields": {"slug": "difference", "description": "", "name": "Difference", "unit": 1, "display_in_frontpage": false}}, {"pk": 7, "model": "morbid.feature", "fields": {"slug": "accuracy", "description": "", "name": "Accuracy", "unit": 1, "display_in_frontpage": true}}, {"pk": 18, "model": "morbid.analytic", "fields": {"number_of_companies": 260, "number_of_tp": 122, "name": "Wunderlich", "volatility_positive": 108, "volatility_negative": 108, "last_target_price": 21.0, "slug": "wunderlich"}}, {"pk": 9, "model": "morbid.analytic", "fields": {"number_of_companies": 376, "number_of_tp": 408, "name": "National Bank Financial", "volatility_positive": 338, "volatility_negative": 338, "last_target_price": 44.0, "slug": "national-bank-financial"}}, {"pk": 22, "model": "morbid.analytic", "fields": {"number_of_companies": 940, "number_of_tp": 605, "name": "Raymond James", "volatility_positive": 516, "volatility_negative": 516, "last_target_price": 38.0, "slug": "raymond-james"}}, {"pk": 51, "model": "morbid.analytic", "fields": {"number_of_companies": 6, "number_of_tp": 0, "name": "Liberum Capital", "volatility_positive": 2, "volatility_negative": 0, "last_target_price": 260.0, "slug": "liberum-capital"}}, {"pk": 43, "model": "morbid.analytic", "fields": {"number_of_companies": 326, "number_of_tp": 116, "name": "Sterne Agee", "volatility_positive": 89, "volatility_negative": 89, "last_target_price": 75.0, "slug": "sterne-agee"}}, {"pk": 46, "model": "morbid.analytic", "fields": {"number_of_companies": 70, "number_of_tp": 63, "name": "Stonecap", "volatility_positive": 93, "volatility_negative": 62, "last_target_price": 5.25, "slug": "stonecap"}}, {"pk": 3, "model": "morbid.analytic", "fields": {"number_of_companies": 920, "number_of_tp": 450, "name": "Stifel Nicolaus", "volatility_positive": 341, "volatility_negative": 341, "last_target_price": 110.0, "slug": "stifel-nicolaus"}}, {"pk": 6, "model": "morbid.analytic", "fields": {"number_of_companies": 364, "number_of_tp": 169, "name": "KBW", "volatility_positive": 152, "volatility_negative": 152, "last_target_price": 68.0, "slug": "kbw"}}, {"pk": 52, "model": "morbid.analytic", "fields": {"number_of_companies": 264, "number_of_tp": 41, "name": "Lazard", "volatility_positive": 126, "volatility_negative": 32, "last_target_price": 20.0, "slug": "lazard"}}, {"pk": 12, "model": "morbid.analytic", "fields": {"number_of_companies": 328, "number_of_tp": 96, "name": "JMP Securities", "volatility_positive": 70, "volatility_negative": 70, "last_target_price": 34.0, "slug": "jmp-securities"}}, {"pk": 28, "model": "morbid.analytic", "fields": {"number_of_companies": 972, "number_of_tp": 319, "name": "JP Morgan", "volatility_positive": 260, "volatility_negative": 260, "last_target_price": 52.0, "slug": "jp-morgan"}}, {"pk": 15, "model": "morbid.analytic", "fields": {"number_of_companies": 1192, "number_of_tp": 1085, "name": "Citigroup", "volatility_positive": 965, "volatility_negative": 965, "last_target_price": 62.0, "slug": "citigroup"}}, {"pk": 21, "model": "morbid.analytic", "fields": {"number_of_companies": 552, "number_of_tp": 473, "name": "FBR Capital", "volatility_positive": 408, "volatility_negative": 408, "last_target_price": 69.0, "slug": "fbr-capital"}}, {"pk": 17, "model": "morbid.analytic", "fields": {"number_of_companies": 312, "number_of_tp": 99, "name": "Bernstein", "volatility_positive": 93, "volatility_negative": 93, "last_target_price": 71.0, "slug": "bernstein"}}, {"pk": 53, "model": "morbid.analytic", "fields": {"number_of_companies": 92, "number_of_tp": 40, "name": "Salman Partners", "volatility_positive": 81, "volatility_negative": 32, "last_target_price": 8.7, "slug": "salman-partners"}}, {"pk": 5, "model": "morbid.analytic", "fields": {"number_of_companies": 108, "number_of_tp": 12, "name": "Cantor Fitzgerald", "volatility_positive": 11, "volatility_negative": 11, "last_target_price": 35.0, "slug": "cantor-fitzgerald"}}, {"pk": 20, "model": "morbid.analytic", "fields": {"number_of_companies": 168, "number_of_tp": 2, "name": "Credit Agricole", "volatility_positive": 0, "volatility_negative": 0, "last_target_price": 72.0, "slug": "credit-agricole"}}, {"pk": 16, "model": "morbid.analytic", "fields": {"number_of_companies": 636, "number_of_tp": 299, "name": "Robert W. Baird", "volatility_positive": 243, "volatility_negative": 243, "last_target_price": 16.0, "slug": "robert-w-baird"}}, {"pk": 47, "model": "morbid.analytic", "fields": {"number_of_companies": 36, "number_of_tp": 3, "name": "Exane BNP Paribas", "volatility_positive": 7, "volatility_negative": 3, "last_target_price": 1500.0, "slug": "exane-bnp-paribas"}}, {"pk": 26, "model": "morbid.analytic", "fields": {"number_of_companies": 66, "number_of_tp": 5, "name": "Pacific Crest", "volatility_positive": 19, "volatility_negative": 2, "last_target_price": 11.0, "slug": "pacific-crest"}}, {"pk": 27, "model": "morbid.analytic", "fields": {"number_of_companies": 152, "number_of_tp": 123, "name": "Benchmark", "volatility_positive": 189, "volatility_negative": 106, "last_target_price": 44.5, "slug": "benchmark"}}, {"pk": 31, "model": "morbid.analytic", "fields": {"number_of_companies": 232, "number_of_tp": 24, "name": "Janney Capital", "volatility_positive": 97, "volatility_negative": 19, "last_target_price": 56.0, "slug": "janney-capital"}}, {"pk": 19, "model": "morbid.analytic", "fields": {"number_of_companies": 146, "number_of_tp": 120, "name": "Paradigm Research", "volatility_positive": 99, "volatility_negative": 99, "last_target_price": 7.5, "slug": "paradigm-research"}}, {"pk": 13, "model": "morbid.analytic", "fields": {"number_of_companies": 208, "number_of_tp": 61, "name": "Roth Capital", "volatility_positive": 57, "volatility_negative": 57, "last_target_price": 13.0, "slug": "roth-capital"}}, {"pk": 8, "model": "morbid.analytic", "fields": {"number_of_companies": 524, "number_of_tp": 1772, "name": "CIBC World Markets", "volatility_positive": 1743, "volatility_negative": 1743, "last_target_price": 15.0, "slug": "cibc-world-markets"}}, {"pk": 7, "model": "morbid.analytic", "fields": {"number_of_companies": 772, "number_of_tp": 1721, "name": "Scotia Capital", "volatility_positive": 1636, "volatility_negative": 1636, "last_target_price": 27.5, "slug": "scotia-capital"}}, {"pk": 37, "model": "morbid.analytic", "fields": {"number_of_companies": 126, "number_of_tp": 57, "name": "Howard Weil", "volatility_positive": 106, "volatility_negative": 44, "last_target_price": 55.0, "slug": "howard-weil"}}, {"pk": 38, "model": "morbid.analytic", "fields": {"number_of_companies": 14, "number_of_tp": 1, "name": "Chardan Capital Markets", "volatility_positive": 4, "volatility_negative": 1, "last_target_price": 18.0, "slug": "chardan-capital-markets"}}, {"pk": 39, "model": "morbid.analytic", "fields": {"number_of_companies": 82, "number_of_tp": 2, "name": "SunTrust Robinson Humphrey", "volatility_positive": 21, "volatility_negative": 1, "last_target_price": 26.0, "slug": "suntrust-robinson-humphrey"}}, {"pk": 40, "model": "morbid.analytic", "fields": {"number_of_companies": 146, "number_of_tp": 48, "name": "HSBC Securities", "volatility_positive": 82, "volatility_negative": 38, "last_target_price": 23.6, "slug": "hsbc-securities"}}, {"pk": 41, "model": "morbid.analytic", "fields": {"number_of_companies": 114, "number_of_tp": 25, "name": "Maxim Group", "volatility_positive": 64, "volatility_negative": 20, "last_target_price": 38.0, "slug": "maxim-group"}}, {"pk": 44, "model": "morbid.analytic", "fields": {"number_of_companies": 34, "number_of_tp": 6, "name": "Berenberg Bank", "volatility_positive": 16, "volatility_negative": 5, "last_target_price": 46.0, "slug": "berenberg-bank"}}, {"pk": 14, "model": "morbid.analytic", "fields": {"number_of_companies": 122, "number_of_tp": 20, "name": "Imperial Capital", "volatility_positive": 19, "volatility_negative": 19, "last_target_price": 79.0, "slug": "imperial-capital"}}, {"pk": 45, "model": "morbid.analytic", "fields": {"number_of_companies": 98, "number_of_tp": 23, "name": "The Benchmark Company", "volatility_positive": 68, "volatility_negative": 20, "last_target_price": 67.0, "slug": "the-benchmark-company"}}, {"pk": 11, "model": "morbid.analytic", "fields": {"number_of_companies": 74, "number_of_tp": 2, "name": "TD Securities", "volatility_positive": 1, "volatility_negative": 1, "last_target_price": 26.0, "slug": "td-securities"}}, {"pk": 36, "model": "morbid.analytic", "fields": {"number_of_companies": 212, "number_of_tp": 137, "name": "Dahlman Rose", "volatility_positive": 100, "volatility_negative": 100, "last_target_price": 9.0, "slug": "dahlman-rose"}}, {"pk": 30, "model": "morbid.analytic", "fields": {"number_of_companies": 136, "number_of_tp": 24, "name": "Wunderlich Securities", "volatility_positive": 14, "volatility_negative": 14, "last_target_price": 107.0, "slug": "wunderlich-securities"}}, {"pk": 48, "model": "morbid.analytic", "fields": {"number_of_companies": 346, "number_of_tp": 162, "name": "Susquehanna", "volatility_positive": 299, "volatility_negative": 143, "last_target_price": 162.0, "slug": "susquehanna"}}, {"pk": 49, "model": "morbid.analytic", "fields": {"number_of_companies": 2, "number_of_tp": 0, "name": "Lake Street", "volatility_positive": 1, "volatility_negative": 0, "last_target_price": 43.0, "slug": "lake-street"}}, {"pk": 25, "model": "morbid.analytic", "fields": {"number_of_companies": 1180, "number_of_tp": 801, "name": "Credit Suisse", "volatility_positive": 628, "volatility_negative": 628, "last_target_price": 59.0, "slug": "credit-suisse"}}, {"pk": 2, "model": "morbid.analytic", "fields": {"number_of_companies": 108, "number_of_tp": 5, "name": "Sandler O'Neill", "volatility_positive": 4, "volatility_negative": 4, "last_target_price": 33.0, "slug": "sandler-o-neill"}}, {"pk": 33, "model": "morbid.analytic", "fields": {"number_of_companies": 1330, "number_of_tp": 1821, "name": "UBS Securities", "volatility_positive": 1665, "volatility_negative": 1665, "last_target_price": 27.0, "slug": "ubs-securities"}}, {"pk": 50, "model": "morbid.analytic", "fields": {"number_of_companies": 154, "number_of_tp": 77, "name": "Mizuho Securities", "volatility_positive": 76, "volatility_negative": 76, "last_target_price": 46.0, "slug": "mizuho-securities"}}, {"pk": 23, "model": "morbid.analytic", "fields": {"number_of_companies": 52, "number_of_tp": 27, "name": "FBN Securities", "volatility_positive": 26, "volatility_negative": 26, "last_target_price": 7.5, "slug": "fbn-securities"}}, {"pk": 4, "model": "morbid.analytic", "fields": {"number_of_companies": 398, "number_of_tp": 340, "name": "Wedbush", "volatility_positive": 307, "volatility_negative": 307, "last_target_price": 8.0, "slug": "wedbush"}}, {"pk": 10, "model": "morbid.analytic", "fields": {"number_of_companies": 1396, "number_of_tp": 1613, "name": "RBC Capital Markets", "volatility_positive": 1412, "volatility_negative": 1412, "last_target_price": 109.0, "slug": "rbc-capital-markets"}}, {"pk": 42, "model": "morbid.analytic", "fields": {"number_of_companies": 304, "number_of_tp": 136, "name": "Needham", "volatility_positive": 115, "volatility_negative": 115, "last_target_price": 15.0, "slug": "needham"}}, {"pk": 1, "model": "morbid.analytic", "fields": {"number_of_companies": 956, "number_of_tp": 307, "name": "Deutsche Bank", "volatility_positive": 255, "volatility_negative": 255, "last_target_price": 50.0, "slug": "deutsche-bank"}}, {"pk": 29, "model": "morbid.analytic", "fields": {"number_of_companies": 1480, "number_of_tp": 1704, "name": "Barclays Capital", "volatility_positive": 1553, "volatility_negative": 1553, "last_target_price": 50.0, "slug": "barclays-capital"}}, {"pk": 24, "model": "morbid.analytic", "fields": {"number_of_companies": 530, "number_of_tp": 406, "name": "Oppenheimer", "volatility_positive": 338, "volatility_negative": 338, "last_target_price": 15.0, "slug": "oppenheimer"}}, {"pk": 32, "model": "morbid.analytic", "fields": {"number_of_companies": 846, "number_of_tp": 732, "name": "Canaccord Genuity", "volatility_positive": 666, "volatility_negative": 666, "last_target_price": 34.0, "slug": "canaccord-genuity"}}, {"pk": 35, "model": "morbid.analytic", "fields": {"number_of_companies": 348, "number_of_tp": 199, "name": "Nomura", "volatility_positive": 185, "volatility_negative": 185, "last_target_price": 6.0, "slug": "nomura"}}, {"pk": 34, "model": "morbid.analytic", "fields": {"number_of_companies": 996, "number_of_tp": 623, "name": "BMO Capital Markets", "volatility_positive": 510, "volatility_negative": 510, "last_target_price": 47.0, "slug": "bmo-capital-markets"}}, {"pk": 34, "model": "morbid.ticker", "fields": {"consensus_max": 29.6, "number_of_tp": 5, "name": "BBG", "consensus_avg": 29.6, "consensus_min": 29.6, "number_of_analytics": 7, "last_stock_price": 0.0, "long_name": "Bill Barrett Corp", "slug": "bbg"}}, {"pk": 35, "model": "morbid.ticker", "fields": {"consensus_max": 26.5, "number_of_tp": 2, "name": "BCOV", "consensus_avg": 26.5, "consensus_min": 26.5, "number_of_analytics": 2, "last_stock_price": 0.0, "long_name": "Brightcove Inc.", "slug": "bcov"}}, {"pk": 36, "model": "morbid.ticker", "fields": {"consensus_max": 49.24, "number_of_tp": 33, "name": "CCL", "consensus_avg": 35.66, "consensus_min": 34.89, "number_of_analytics": 44, "last_stock_price": 0.0, "long_name": "Carnival Corporat", "slug": "ccl"}}, {"pk": 37, "model": "morbid.ticker", "fields": {"consensus_max": 34.0, "number_of_tp": 7, "name": "CAVM", "consensus_avg": 34.0, "consensus_min": 33.95, "number_of_analytics": 8, "last_stock_price": 0.0, "long_name": "Cavium, Inc.", "slug": "cavm"}}, {"pk": 38, "model": "morbid.ticker", "fields": {"consensus_max": 54.0, "number_of_tp": 3, "name": "DST", "consensus_avg": 44.02, "consensus_min": 41.0, "number_of_analytics": 3, "last_stock_price": 0.0, "long_name": "DST Systems, Inc.", "slug": "dst"}}, {"pk": 39, "model": "morbid.ticker", "fields": {"consensus_max": 46.0, "number_of_tp": 1, "name": "MAN", "consensus_avg": 46.0, "consensus_min": 46.0, "number_of_analytics": 1, "last_stock_price": 0.0, "long_name": "ManpowerGroup Com", "slug": "man"}}, {"pk": 21, "model": "morbid.ticker", "fields": {"consensus_max": 58.75, "number_of_tp": 31, "name": "MPC", "consensus_avg": 58.75, "consensus_min": 49.1, "number_of_analytics": 35, "last_stock_price": 0.0, "long_name": "Marathon Petroleu", "slug": "mpc"}}, {"pk": 1, "model": "morbid.ticker", "fields": {"consensus_max": 80.06, "number_of_tp": 15, "name": "ACE", "consensus_avg": 73.05, "consensus_min": 69.5, "number_of_analytics": 19, "last_stock_price": 0.0, "long_name": "Ace Limited Commo", "slug": "ace"}}, {"pk": 63, "model": "morbid.ticker", "fields": {"consensus_max": 32.89, "number_of_tp": 11, "name": "ADVS", "consensus_avg": 27.86, "consensus_min": 27.86, "number_of_analytics": 13, "last_stock_price": 0.0, "long_name": "Advent Software, ", "slug": "advs"}}, {"pk": 3, "model": "morbid.ticker", "fields": {"consensus_max": 49.74, "number_of_tp": 23, "name": "AET", "consensus_avg": 49.74, "consensus_min": 42.5, "number_of_analytics": 29, "last_stock_price": 0.0, "long_name": "Aetna Inc. Common", "slug": "aet"}}, {"pk": 4, "model": "morbid.ticker", "fields": {"consensus_max": 150.0, "number_of_tp": 1, "name": "AMG", "consensus_avg": 150.0, "consensus_min": 150.0, "number_of_analytics": 1, "last_stock_price": 0.0, "long_name": "Affiliated Manage", "slug": "amg"}}, {"pk": 5, "model": "morbid.ticker", "fields": {"consensus_max": 62.78, "number_of_tp": 28, "name": "AFL", "consensus_avg": 52.64, "consensus_min": 52.18, "number_of_analytics": 30, "last_stock_price": 0.0, "long_name": "AFLAC Incorporate", "slug": "afl"}}, {"pk": 40, "model": "morbid.ticker", "fields": {"consensus_max": 455.99, "number_of_tp": 59, "name": "MA", "consensus_avg": 455.99, "consensus_min": 250.77, "number_of_analytics": 92, "last_stock_price": 0.0, "long_name": "Mastercard Incorp", "slug": "ma"}}, {"pk": 41, "model": "morbid.ticker", "fields": {"consensus_max": 18.09, "number_of_tp": 4, "name": "OMCL", "consensus_avg": 18.09, "consensus_min": 13.58, "number_of_analytics": 4, "last_stock_price": 0.0, "long_name": "Omnicell, Inc.", "slug": "omcl"}}, {"pk": 42, "model": "morbid.ticker", "fields": {"consensus_max": 57.36, "number_of_tp": 36, "name": "VIA", "consensus_avg": 57.36, "consensus_min": 41.55, "number_of_analytics": 42, "last_stock_price": 0.0, "long_name": "Viacom Inc.", "slug": "via"}}, {"pk": 6, "model": "morbid.ticker", "fields": {"consensus_max": 19.47, "number_of_tp": 63, "name": "AGF.B", "consensus_avg": 12.97, "consensus_min": 11.72, "number_of_analytics": 107, "last_stock_price": 0.0, "long_name": "AGF.B", "slug": "agf-b"}}, {"pk": 43, "model": "morbid.ticker", "fields": {"consensus_max": 59.46, "number_of_tp": 27, "name": "ABT", "consensus_avg": 44.42, "consensus_min": 44.42, "number_of_analytics": 31, "last_stock_price": 0.0, "long_name": "Abbott Laboratori", "slug": "abt"}}, {"pk": 44, "model": "morbid.ticker", "fields": {"consensus_max": 87.77, "number_of_tp": 32, "name": "AAP", "consensus_avg": 80.84, "consensus_min": 65.24, "number_of_analytics": 51, "last_stock_price": 0.0, "long_name": "Advance Auto Part", "slug": "aap"}}, {"pk": 8, "model": "morbid.ticker", "fields": {"consensus_max": 83.0, "number_of_tp": 5, "name": "ALGT", "consensus_avg": 83.0, "consensus_min": 82.2, "number_of_analytics": 6, "last_stock_price": 0.0, "long_name": "Allegiant Travel ", "slug": "algt"}}, {"pk": 64, "model": "morbid.ticker", "fields": {"consensus_max": 98.88, "number_of_tp": 18, "name": "AGN", "consensus_avg": 98.88, "consensus_min": 80.4, "number_of_analytics": 26, "last_stock_price": 0.0, "long_name": "Allergan, Inc. Co", "slug": "agn"}}, {"pk": 10, "model": "morbid.ticker", "fields": {"consensus_max": 35.72, "number_of_tp": 13, "name": "DOX", "consensus_avg": 35.54, "consensus_min": 32.22, "number_of_analytics": 13, "last_stock_price": 0.0, "long_name": "Amdocs Limited Co", "slug": "dox"}}, {"pk": 11, "model": "morbid.ticker", "fields": {"consensus_max": 63.69, "number_of_tp": 42, "name": "COF", "consensus_avg": 63.69, "consensus_min": 34.53, "number_of_analytics": 53, "last_stock_price": 0.0, "long_name": "Capital One Finan", "slug": "cof"}}, {"pk": 12, "model": "morbid.ticker", "fields": {"consensus_max": 13.64, "number_of_tp": 4, "name": "CMO", "consensus_avg": 13.63, "consensus_min": 13.63, "number_of_analytics": 4, "last_stock_price": 0.0, "long_name": "Capstead Mortgage", "slug": "cmo"}}, {"pk": 13, "model": "morbid.ticker", "fields": {"consensus_max": 29.52, "number_of_tp": 5, "name": "GIB", "consensus_avg": 29.5, "consensus_min": 29.5, "number_of_analytics": 8, "last_stock_price": 0.0, "long_name": "CGI Group, Inc. C", "slug": "gib"}}, {"pk": 14, "model": "morbid.ticker", "fields": {"consensus_max": 83.49, "number_of_tp": 4, "name": "CTXS", "consensus_avg": 83.0, "consensus_min": 83.0, "number_of_analytics": 4, "last_stock_price": 0.0, "long_name": "Citrix Systems, I", "slug": "ctxs"}}, {"pk": 15, "model": "morbid.ticker", "fields": {"consensus_max": 62.55, "number_of_tp": 30, "name": "CNQR", "consensus_avg": 62.55, "consensus_min": 49.36, "number_of_analytics": 44, "last_stock_price": 0.0, "long_name": "Concur Technologi", "slug": "cnqr"}}, {"pk": 16, "model": "morbid.ticker", "fields": {"consensus_max": 43.47, "number_of_tp": 15, "name": "EXXI", "consensus_avg": 43.37, "consensus_min": 35.13, "number_of_analytics": 16, "last_stock_price": 0.0, "long_name": "Energy XXI (Bermu", "slug": "exxi"}}, {"pk": 17, "model": "morbid.ticker", "fields": {"consensus_max": 38.32, "number_of_tp": 26, "name": "FTNT", "consensus_avg": 28.89, "consensus_min": 26.38, "number_of_analytics": 40, "last_stock_price": 0.0, "long_name": "Fortinet, Inc.", "slug": "ftnt"}}, {"pk": 18, "model": "morbid.ticker", "fields": {"consensus_max": 12.41, "number_of_tp": 5, "name": "FSL", "consensus_avg": 12.39, "consensus_min": 12.39, "number_of_analytics": 8, "last_stock_price": 0.0, "long_name": "Freescale Semicon", "slug": "fsl"}}, {"pk": 19, "model": "morbid.ticker", "fields": {"consensus_max": 49.44, "number_of_tp": 2, "name": "HAE", "consensus_avg": 44.5, "consensus_min": 44.5, "number_of_analytics": 2, "last_stock_price": 0.0, "long_name": "Haemonetics Corpo", "slug": "hae"}}, {"pk": 20, "model": "morbid.ticker", "fields": {"consensus_max": 51.0, "number_of_tp": 3, "name": "LVS", "consensus_avg": 51.0, "consensus_min": 51.0, "number_of_analytics": 7, "last_stock_price": 0.0, "long_name": "Las Vegas Sands C", "slug": "lvs"}}, {"pk": 22, "model": "morbid.ticker", "fields": {"consensus_max": 64.49, "number_of_tp": 22, "name": "NEE", "consensus_avg": 64.49, "consensus_min": 57.31, "number_of_analytics": 27, "last_stock_price": 0.0, "long_name": "NextEra Energy, I", "slug": "nee"}}, {"pk": 23, "model": "morbid.ticker", "fields": {"consensus_max": 20.0, "number_of_tp": 1, "name": "NPSP", "consensus_avg": 20.0, "consensus_min": 20.0, "number_of_analytics": 1, "last_stock_price": 0.0, "long_name": "NPS Pharmaceutica", "slug": "npsp"}}, {"pk": 24, "model": "morbid.ticker", "fields": {"consensus_max": 39.5, "number_of_tp": 2, "name": "ABAX", "consensus_avg": 39.5, "consensus_min": 39.5, "number_of_analytics": 3, "last_stock_price": 0.0, "long_name": "ABAXIS, Inc.", "slug": "abax"}}, {"pk": 25, "model": "morbid.ticker", "fields": {"consensus_max": 5.18, "number_of_tp": 4, "name": "AFFX", "consensus_avg": 5.0, "consensus_min": 5.0, "number_of_analytics": 5, "last_stock_price": 0.0, "long_name": "Affymetrix, Inc.", "slug": "affx"}}, {"pk": 65, "model": "morbid.ticker", "fields": {"consensus_max": 22.79, "number_of_tp": 19, "name": "ALLT", "consensus_avg": 22.79, "consensus_min": 13.0, "number_of_analytics": 20, "last_stock_price": 0.0, "long_name": "Allot Communicati", "slug": "allt"}}, {"pk": 45, "model": "morbid.ticker", "fields": {"consensus_max": 85.88, "number_of_tp": 98, "name": "AEM", "consensus_avg": 50.96, "consensus_min": 48.56, "number_of_analytics": 149, "last_stock_price": 0.0, "long_name": "Agnico-Eagle Mine", "slug": "aem"}}, {"pk": 46, "model": "morbid.ticker", "fields": {"consensus_max": 6.75, "number_of_tp": 2, "name": "AXU", "consensus_avg": 6.75, "consensus_min": 6.75, "number_of_analytics": 2, "last_stock_price": 0.0, "long_name": "Alexco Resource C", "slug": "axu"}}, {"pk": 26, "model": "morbid.ticker", "fields": {"consensus_max": 156.6, "number_of_tp": 2, "name": "ADS", "consensus_avg": 156.6, "consensus_min": 156.6, "number_of_analytics": 5, "last_stock_price": 0.0, "long_name": "Alliance Data Sys", "slug": "ads"}}, {"pk": 27, "model": "morbid.ticker", "fields": {"consensus_max": 81.4, "number_of_tp": 13, "name": "ARLP", "consensus_avg": 78.41, "consensus_min": 76.26, "number_of_analytics": 15, "last_stock_price": 0.0, "long_name": "Alliance Resource", "slug": "arlp"}}, {"pk": 28, "model": "morbid.ticker", "fields": {"consensus_max": 64.49, "number_of_tp": 18, "name": "AMP", "consensus_avg": 64.31, "consensus_min": 58.19, "number_of_analytics": 19, "last_stock_price": 0.0, "long_name": "Ameriprise Financ", "slug": "amp"}}, {"pk": 30, "model": "morbid.ticker", "fields": {"consensus_max": 6.0, "number_of_tp": 1, "name": "AMCC", "consensus_avg": 6.0, "consensus_min": 6.0, "number_of_analytics": 1, "last_stock_price": 0.0, "long_name": "Applied Micro Cir", "slug": "amcc"}}, {"pk": 31, "model": "morbid.ticker", "fields": {"consensus_max": 12.3, "number_of_tp": 4, "name": "AT", "consensus_avg": 12.3, "consensus_min": 12.3, "number_of_analytics": 6, "last_stock_price": 0.0, "long_name": "Atlantic Power Co", "slug": "at"}}, {"pk": 32, "model": "morbid.ticker", "fields": {"consensus_max": 52.2, "number_of_tp": 5, "name": "ATW", "consensus_avg": 52.2, "consensus_min": 52.08, "number_of_analytics": 5, "last_stock_price": 0.0, "long_name": "Atwood Oceanics, ", "slug": "atw"}}, {"pk": 33, "model": "morbid.ticker", "fields": {"consensus_max": 18.0, "number_of_tp": 1, "name": "ADNC", "consensus_avg": 18.0, "consensus_min": 18.0, "number_of_analytics": 1, "last_stock_price": 0.0, "long_name": "Audience, Inc.", "slug": "adnc"}}, {"pk": 7, "model": "morbid.ticker", "fields": {"consensus_max": 35.28, "number_of_tp": 10, "name": "ALGN", "consensus_avg": 35.0, "consensus_min": 35.0, "number_of_analytics": 13, "last_stock_price": 0.0, "long_name": "Align Technology,", "slug": "algn"}}, {"pk": 47, "model": "morbid.ticker", "fields": {"consensus_max": 20.0, "number_of_tp": 1, "name": "ALNY", "consensus_avg": 20.0, "consensus_min": 20.0, "number_of_analytics": 1, "last_stock_price": 0.0, "long_name": "Alnylam Pharmaceu", "slug": "alny"}}, {"pk": 9, "model": "morbid.ticker", "fields": {"consensus_max": 258.56, "number_of_tp": 97, "name": "AMZN", "consensus_avg": 258.56, "consensus_min": 53.99, "number_of_analytics": 165, "last_stock_price": 0.0, "long_name": "Amazon.com, Inc.", "slug": "amzn"}}, {"pk": 48, "model": "morbid.ticker", "fields": {"consensus_max": 32.73, "number_of_tp": 2, "name": "AFSI", "consensus_avg": 32.0, "consensus_min": 32.0, "number_of_analytics": 2, "last_stock_price": 0.0, "long_name": "AmTrust Financial", "slug": "afsi"}}, {"pk": 29, "model": "morbid.ticker", "fields": {"consensus_max": 1339.43, "number_of_tp": 5, "name": "ANFGY", "consensus_avg": 1339.43, "consensus_min": 1339.43, "number_of_analytics": 7, "last_stock_price": 0.0, "long_name": "ANTOFAGASTA  PLC ", "slug": "anfgy"}}, {"pk": 49, "model": "morbid.ticker", "fields": {"consensus_max": 6.86, "number_of_tp": 6, "name": "ATML", "consensus_avg": 6.86, "consensus_min": 6.86, "number_of_analytics": 11, "last_stock_price": 0.0, "long_name": "Atmel Corporation", "slug": "atml"}}, {"pk": 50, "model": "morbid.ticker", "fields": {"consensus_max": 21.33, "number_of_tp": 58, "name": "BPO", "consensus_avg": 19.02, "consensus_min": 11.3, "number_of_analytics": 81, "last_stock_price": 0.0, "long_name": "Brookfield Office", "slug": "bpo"}}, {"pk": 51, "model": "morbid.ticker", "fields": {"consensus_max": 124.04, "number_of_tp": 37, "name": "CVX", "consensus_avg": 123.55, "consensus_min": 72.86, "number_of_analytics": 42, "last_stock_price": 0.0, "long_name": "Chevron Corporati", "slug": "cvx"}}, {"pk": 52, "model": "morbid.ticker", "fields": {"consensus_max": 107.0, "number_of_tp": 1, "name": "CWEI", "consensus_avg": 107.0, "consensus_min": 107.0, "number_of_analytics": 1, "last_stock_price": 0.0, "long_name": "Clayton Williams ", "slug": "cwei"}}, {"pk": 53, "model": "morbid.ticker", "fields": {"consensus_max": 0.6, "number_of_tp": 2, "name": "HEM", "consensus_avg": 0.6, "consensus_min": 0.6, "number_of_analytics": 2, "last_stock_price": 0.0, "long_name": "HEM", "slug": "hem"}}, {"pk": 54, "model": "morbid.ticker", "fields": {"consensus_max": 65.02, "number_of_tp": 24, "name": "ITRI", "consensus_avg": 48.0, "consensus_min": 45.23, "number_of_analytics": 26, "last_stock_price": 0.0, "long_name": "Itron, Inc.", "slug": "itri"}}, {"pk": 55, "model": "morbid.ticker", "fields": {"consensus_max": 8.0, "number_of_tp": 1, "name": "MOD", "consensus_avg": 8.0, "consensus_min": 8.0, "number_of_analytics": 1, "last_stock_price": 0.0, "long_name": "Modine Manufactur", "slug": "mod"}}, {"pk": 56, "model": "morbid.ticker", "fields": {"consensus_max": 92.03, "number_of_tp": 38, "name": "NOV", "consensus_avg": 89.77, "consensus_min": 84.02, "number_of_analytics": 43, "last_stock_price": 0.0, "long_name": "National Oilwell ", "slug": "nov"}}, {"pk": 57, "model": "morbid.ticker", "fields": {"consensus_max": 61.25, "number_of_tp": 52, "name": "NTAP", "consensus_avg": 39.65, "consensus_min": 39.65, "number_of_analytics": 90, "last_stock_price": 0.0, "long_name": "NetApp, Inc.", "slug": "ntap"}}, {"pk": 58, "model": "morbid.ticker", "fields": {"consensus_max": 838.0, "number_of_tp": 1, "name": "PCLN", "consensus_avg": 838.0, "consensus_min": 838.0, "number_of_analytics": 1, "last_stock_price": 0.0, "long_name": "priceline.com Inc", "slug": "pcln"}}, {"pk": 59, "model": "morbid.ticker", "fields": {"consensus_max": 34.33, "number_of_tp": 20, "name": "PFG", "consensus_avg": 31.87, "consensus_min": 31.86, "number_of_analytics": 21, "last_stock_price": 0.0, "long_name": "Principal Financi", "slug": "pfg"}}, {"pk": 60, "model": "morbid.ticker", "fields": {"consensus_max": 47.91, "number_of_tp": 34, "name": "STJ", "consensus_avg": 44.28, "consensus_min": 44.28, "number_of_analytics": 39, "last_stock_price": 0.0, "long_name": "St. Jude Medical,", "slug": "stj"}}, {"pk": 61, "model": "morbid.ticker", "fields": {"consensus_max": 3.0, "number_of_tp": 1, "name": "TLAB", "consensus_avg": 3.0, "consensus_min": 3.0, "number_of_analytics": 1, "last_stock_price": 0.0, "long_name": "Tellabs, Inc.", "slug": "tlab"}}, {"pk": 2, "model": "morbid.ticker", "fields": {"consensus_max": 16.2, "number_of_tp": 6, "name": "APKT", "consensus_avg": 16.2, "consensus_min": 16.2, "number_of_analytics": 7, "last_stock_price": 0.0, "long_name": "Acme Packet, Inc.", "slug": "apkt"}}, {"pk": 62, "model": "morbid.ticker", "fields": {"consensus_max": 8.0, "number_of_tp": 2, "name": "BIRT", "consensus_avg": 8.0, "consensus_min": 8.0, "number_of_analytics": 2, "last_stock_price": 0.0, "long_name": "Actuate Corporati", "slug": "birt"}}, {"pk": 66, "model": "morbid.ticker", "fields": {"consensus_max": 35.57, "number_of_tp": 5, "name": "AOL", "consensus_avg": 35.57, "consensus_min": 35.57, "number_of_analytics": 8, "last_stock_price": 0.0, "long_name": "AOL Inc. AOL Inc.", "slug": "aol"}}, {"pk": 67, "model": "morbid.ticker", "fields": {"consensus_max": 56.42, "number_of_tp": 12, "name": "AWI", "consensus_avg": 51.53, "consensus_min": 51.5, "number_of_analytics": 12, "last_stock_price": 0.0, "long_name": "Armstrong World I", "slug": "awi"}}, {"pk": 68, "model": "morbid.ticker", "fields": {"consensus_max": 14.75, "number_of_tp": 2, "name": "ASBC", "consensus_avg": 14.75, "consensus_min": 14.75, "number_of_analytics": 2, "last_stock_price": 0.0, "long_name": "Associated Banc-C", "slug": "asbc"}}, {"pk": 69, "model": "morbid.ticker", "fields": {"consensus_max": 40.0, "number_of_tp": 2, "name": "BMI", "consensus_avg": 40.0, "consensus_min": 40.0, "number_of_analytics": 2, "last_stock_price": 0.0, "long_name": "Badger Meter, Inc", "slug": "bmi"}}, {"pk": 70, "model": "morbid.ticker", "fields": {"consensus_max": 78.0, "number_of_tp": 1, "name": "BAYRY", "consensus_avg": 78.0, "consensus_min": 78.0, "number_of_analytics": 1, "last_stock_price": 0.0, "long_name": "BAYER AKTIENGES A", "slug": "bayry"}}, {"pk": 71, "model": "morbid.ticker", "fields": {"consensus_max": 225.29, "number_of_tp": 39, "name": "BLK", "consensus_avg": 210.62, "consensus_min": 205.97, "number_of_analytics": 42, "last_stock_price": 0.0, "long_name": "BlackRock, Inc. C", "slug": "blk"}}, {"pk": 72, "model": "morbid.ticker", "fields": {"consensus_max": 5.16, "number_of_tp": 5, "name": "BBD.B", "consensus_avg": 5.13, "consensus_min": 5.13, "number_of_analytics": 7, "last_stock_price": 0.0, "long_name": "BBD.B", "slug": "bbd-b"}}, {"pk": 73, "model": "morbid.ticker", "fields": {"consensus_max": 260.0, "number_of_tp": 1, "name": "BT", "consensus_avg": 260.0, "consensus_min": 260.0, "number_of_analytics": 1, "last_stock_price": 0.0, "long_name": "BT Group plc Comm", "slug": "bt"}}, {"pk": 74, "model": "morbid.ticker", "fields": {"consensus_max": 45.0, "number_of_tp": 1, "name": "NPO", "consensus_avg": 45.0, "consensus_min": 45.0, "number_of_analytics": 1, "last_stock_price": 0.0, "long_name": "Enpro Industries ", "slug": "npo"}}, {"pk": 75, "model": "morbid.ticker", "fields": {"consensus_max": 12.5, "number_of_tp": 2, "name": "FBP", "consensus_avg": 12.5, "consensus_min": 12.5, "number_of_analytics": 2, "last_stock_price": 0.0, "long_name": "First BanCorp. Ne", "slug": "fbp"}}, {"pk": 76, "model": "morbid.ticker", "fields": {"consensus_max": 63.7, "number_of_tp": 31, "name": "GILD", "consensus_avg": 63.7, "consensus_min": 45.21, "number_of_analytics": 43, "last_stock_price": 0.0, "long_name": "Gilead Sciences, ", "slug": "gild"}}, {"pk": 77, "model": "morbid.ticker", "fields": {"consensus_max": 9.45, "number_of_tp": 79, "name": "GTE", "consensus_avg": 8.4, "consensus_min": 5.69, "number_of_analytics": 109, "last_stock_price": 0.0, "long_name": "Gran Tierra Energ", "slug": "gte"}}, {"pk": 78, "model": "morbid.ticker", "fields": {"consensus_max": 37.12, "number_of_tp": 4, "name": "HCA", "consensus_avg": 37.0, "consensus_min": 37.0, "number_of_analytics": 4, "last_stock_price": 0.0, "long_name": "HCA Holdings, Inc", "slug": "hca"}}, {"pk": 79, "model": "morbid.ticker", "fields": {"consensus_max": 59.69, "number_of_tp": 29, "name": "LIFE", "consensus_avg": 52.74, "consensus_min": 50.58, "number_of_analytics": 30, "last_stock_price": 0.0, "long_name": "Life Technologies", "slug": "life"}}, {"pk": 80, "model": "morbid.ticker", "fields": {"consensus_max": 0.95, "number_of_tp": 1, "name": "ME", "consensus_avg": 0.95, "consensus_min": 0.95, "number_of_analytics": 1, "last_stock_price": 0.0, "long_name": "ME", "slug": "me"}}, {"pk": 81, "model": "morbid.ticker", "fields": {"consensus_max": 13.0, "number_of_tp": 1, "name": "PCCC", "consensus_avg": 13.0, "consensus_min": 13.0, "number_of_analytics": 1, "last_stock_price": 0.0, "long_name": "PC Connection, In", "slug": "pccc"}}, {"pk": 1, "model": "morbid.featureanalyticticker", "fields": {"analytic": 5, "ticker": 3, "feature": 7, "value": 100.0}}, {"pk": 2, "model": "morbid.featureanalyticticker", "fields": {"analytic": 5, "ticker": 3, "feature": 2, "value": 3.53}}, {"pk": 3, "model": "morbid.featureanalyticticker", "fields": {"analytic": 5, "ticker": 3, "feature": 6, "value": 5.91}}, {"pk": 4, "model": "morbid.featureanalyticticker", "fields": {"analytic": 5, "ticker": 3, "feature": 5, "value": 1.62}}, {"pk": 5, "model": "morbid.featureanalyticticker", "fields": {"analytic": 5, "ticker": 3, "feature": 4, "value": 0.2}}, {"pk": 6, "model": "morbid.featureanalyticticker", "fields": {"analytic": 5, "ticker": 3, "feature": 3, "value": 9.58}}, {"pk": 7, "model": "morbid.featureanalyticticker", "fields": {"analytic": 5, "ticker": 3, "feature": 1, "value": 59.5}}, {"pk": 8, "model": "morbid.featureanalyticticker", "fields": {"analytic": 7, "ticker": 5, "feature": 7, "value": 50.0}}, {"pk": 9, "model": "morbid.featureanalyticticker", "fields": {"analytic": 7, "ticker": 5, "feature": 2, "value": 13.74}}, {"pk": 10, "model": "morbid.featureanalyticticker", "fields": {"analytic": 7, "ticker": 5, "feature": 6, "value": 42.7}}, {"pk": 11, "model": "morbid.featureanalyticticker", "fields": {"analytic": 7, "ticker": 5, "feature": 5, "value": 2.26}}, {"pk": 12, "model": "morbid.featureanalyticticker", "fields": {"analytic": 7, "ticker": 5, "feature": 4, "value": 0.23}}, {"pk": 13, "model": "morbid.featureanalyticticker", "fields": {"analytic": 7, "ticker": 5, "feature": 3, "value": 15.89}}, {"pk": 14, "model": "morbid.featureanalyticticker", "fields": {"analytic": 7, "ticker": 5, "feature": 1, "value": 47.0}}, {"pk": 15, "model": "morbid.featureanalyticticker", "fields": {"analytic": 15, "ticker": 9, "feature": 7, "value": 77.78}}, {"pk": 16, "model": "morbid.featureanalyticticker", "fields": {"analytic": 15, "ticker": 9, "feature": 2, "value": 26.48}}, {"pk": 17, "model": "morbid.featureanalyticticker", "fields": {"analytic": 15, "ticker": 9, "feature": 6, "value": 21.25}}, {"pk": 18, "model": "morbid.featureanalyticticker", "fields": {"analytic": 15, "ticker": 9, "feature": 5, "value": 0.0}}, {"pk": 19, "model": "morbid.featureanalyticticker", "fields": {"analytic": 15, "ticker": 9, "feature": 4, "value": 0.81}}, {"pk": 20, "model": "morbid.featureanalyticticker", "fields": {"analytic": 15, "ticker": 9, "feature": 3, "value": 29.65}}, {"pk": 21, "model": "morbid.featureanalyticticker", "fields": {"analytic": 15, "ticker": 9, "feature": 1, "value": 53.0}}, {"pk": 22, "model": "morbid.featureanalyticticker", "fields": {"analytic": 21, "ticker": 15, "feature": 7, "value": 100.0}}, {"pk": 23, "model": "morbid.featureanalyticticker", "fields": {"analytic": 21, "ticker": 15, "feature": 2, "value": 8.08}}, {"pk": 24, "model": "morbid.featureanalyticticker", "fields": {"analytic": 21, "ticker": 15, "feature": 6, "value": 9.4}}, {"pk": 25, "model": "morbid.featureanalyticticker", "fields": {"analytic": 21, "ticker": 15, "feature": 5, "value": 12.14}}, {"pk": 26, "model": "morbid.featureanalyticticker", "fields": {"analytic": 21, "ticker": 15, "feature": 4, "value": 0.75}}, {"pk": 27, "model": "morbid.featureanalyticticker", "fields": {"analytic": 21, "ticker": 15, "feature": 3, "value": -12.05}}, {"pk": 28, "model": "morbid.featureanalyticticker", "fields": {"analytic": 21, "ticker": 15, "feature": 1, "value": 63.33}}, {"pk": 29, "model": "morbid.featureanalyticticker", "fields": {"analytic": 22, "ticker": 16, "feature": 7, "value": 50.0}}, {"pk": 30, "model": "morbid.featureanalyticticker", "fields": {"analytic": 22, "ticker": 16, "feature": 2, "value": 7.98}}, {"pk": 31, "model": "morbid.featureanalyticticker", "fields": {"analytic": 22, "ticker": 16, "feature": 6, "value": 28.33}}, {"pk": 32, "model": "morbid.featureanalyticticker", "fields": {"analytic": 22, "ticker": 16, "feature": 5, "value": 3.11}}, {"pk": 33, "model": "morbid.featureanalyticticker", "fields": {"analytic": 22, "ticker": 16, "feature": 4, "value": 0.31}}, {"pk": 34, "model": "morbid.featureanalyticticker", "fields": {"analytic": 22, "ticker": 16, "feature": 3, "value": 6.0}}, {"pk": 35, "model": "morbid.featureanalyticticker", "fields": {"analytic": 22, "ticker": 16, "feature": 1, "value": 57.5}}, {"pk": 36, "model": "morbid.featureanalyticticker", "fields": {"analytic": 29, "ticker": 21, "feature": 7, "value": 66.67}}, {"pk": 37, "model": "morbid.featureanalyticticker", "fields": {"analytic": 29, "ticker": 21, "feature": 2, "value": 10.19}}, {"pk": 38, "model": "morbid.featureanalyticticker", "fields": {"analytic": 29, "ticker": 21, "feature": 6, "value": 22.37}}, {"pk": 39, "model": "morbid.featureanalyticticker", "fields": {"analytic": 29, "ticker": 21, "feature": 5, "value": 3.76}}, {"pk": 40, "model": "morbid.featureanalyticticker", "fields": {"analytic": 29, "ticker": 21, "feature": 4, "value": 0.45}}, {"pk": 41, "model": "morbid.featureanalyticticker", "fields": {"analytic": 29, "ticker": 21, "feature": 3, "value": 39.3}}, {"pk": 42, "model": "morbid.featureanalyticticker", "fields": {"analytic": 29, "ticker": 21, "feature": 1, "value": 29.33}}, {"pk": 43, "model": "morbid.featureanalyticticker", "fields": {"analytic": 40, "ticker": 36, "feature": 7, "value": 50.0}}, {"pk": 44, "model": "morbid.featureanalyticticker", "fields": {"analytic": 40, "ticker": 36, "feature": 2, "value": 7.35}}, {"pk": 45, "model": "morbid.featureanalyticticker", "fields": {"analytic": 40, "ticker": 36, "feature": 6, "value": 18.46}}, {"pk": 46, "model": "morbid.featureanalyticticker", "fields": {"analytic": 40, "ticker": 36, "feature": 5, "value": 1.93}}, {"pk": 47, "model": "morbid.featureanalyticticker", "fields": {"analytic": 40, "ticker": 36, "feature": 4, "value": 0.16}}, {"pk": 48, "model": "morbid.featureanalyticticker", "fields": {"analytic": 40, "ticker": 36, "feature": 3, "value": -5.76}}, {"pk": 49, "model": "morbid.featureanalyticticker", "fields": {"analytic": 40, "ticker": 36, "feature": 1, "value": 53.25}}, {"pk": 50, "model": "morbid.featureanalyticticker", "fields": {"analytic": 6, "ticker": 40, "feature": 7, "value": 100.0}}, {"pk": 51, "model": "morbid.featureanalyticticker", "fields": {"analytic": 6, "ticker": 40, "feature": 2, "value": 45.03}}, {"pk": 52, "model": "morbid.featureanalyticticker", "fields": {"analytic": 6, "ticker": 40, "feature": 6, "value": 14.27}}, {"pk": 53, "model": "morbid.featureanalyticticker", "fields": {"analytic": 6, "ticker": 40, "feature": 5, "value": 3.99}}, {"pk": 54, "model": "morbid.featureanalyticticker", "fields": {"analytic": 6, "ticker": 40, "feature": 4, "value": 0.36}}, {"pk": 55, "model": "morbid.featureanalyticticker", "fields": {"analytic": 6, "ticker": 40, "feature": 3, "value": 29.95}}, {"pk": 56, "model": "morbid.featureanalyticticker", "fields": {"analytic": 6, "ticker": 40, "feature": 1, "value": 96.0}}, {"pk": 57, "model": "morbid.featureanalyticticker", "fields": {"analytic": 18, "ticker": 42, "feature": 7, "value": 100.0}}, {"pk": 58, "model": "morbid.featureanalyticticker", "fields": {"analytic": 18, "ticker": 42, "feature": 2, "value": 5.0}}, {"pk": 59, "model": "morbid.featureanalyticticker", "fields": {"analytic": 18, "ticker": 42, "feature": 6, "value": 11.57}}, {"pk": 60, "model": "morbid.featureanalyticticker", "fields": {"analytic": 18, "ticker": 42, "feature": 5, "value": 0.19}}, {"pk": 61, "model": "morbid.featureanalyticticker", "fields": {"analytic": 18, "ticker": 42, "feature": 4, "value": 0.52}}, {"pk": 62, "model": "morbid.featureanalyticticker", "fields": {"analytic": 18, "ticker": 42, "feature": 3, "value": 16.67}}, {"pk": 63, "model": "morbid.featureanalyticticker", "fields": {"analytic": 18, "ticker": 42, "feature": 1, "value": 65.0}}, {"pk": 64, "model": "morbid.featureanalyticticker", "fields": {"analytic": 28, "ticker": 9, "feature": 7, "value": 75.0}}, {"pk": 65, "model": "morbid.featureanalyticticker", "fields": {"analytic": 28, "ticker": 9, "feature": 2, "value": 28.16}}, {"pk": 66, "model": "morbid.featureanalyticticker", "fields": {"analytic": 28, "ticker": 9, "feature": 6, "value": 17.7}}, {"pk": 67, "model": "morbid.featureanalyticticker", "fields": {"analytic": 28, "ticker": 9, "feature": 5, "value": 7.54}}, {"pk": 68, "model": "morbid.featureanalyticticker", "fields": {"analytic": 28, "ticker": 9, "feature": 4, "value": 0.51}}, {"pk": 69, "model": "morbid.featureanalyticticker", "fields": {"analytic": 28, "ticker": 9, "feature": 3, "value": 13.57}}, {"pk": 70, "model": "morbid.featureanalyticticker", "fields": {"analytic": 28, "ticker": 9, "feature": 1, "value": 96.88}}, {"pk": 71, "model": "morbid.featureanalyticticker", "fields": {"analytic": 4, "ticker": 49, "feature": 7, "value": 50.0}}, {"pk": 72, "model": "morbid.featureanalyticticker", "fields": {"analytic": 4, "ticker": 49, "feature": 2, "value": 0.85}}, {"pk": 73, "model": "morbid.featureanalyticticker", "fields": {"analytic": 4, "ticker": 49, "feature": 6, "value": 26.39}}, {"pk": 74, "model": "morbid.featureanalyticticker", "fields": {"analytic": 4, "ticker": 49, "feature": 5, "value": 2.25}}, {"pk": 75, "model": "morbid.featureanalyticticker", "fields": {"analytic": 4, "ticker": 49, "feature": 4, "value": 0.74}}, {"pk": 76, "model": "morbid.featureanalyticticker", "fields": {"analytic": 4, "ticker": 49, "feature": 3, "value": 17.78}}, {"pk": 77, "model": "morbid.featureanalyticticker", "fields": {"analytic": 4, "ticker": 49, "feature": 1, "value": 21.0}}, {"pk": 78, "model": "morbid.featureanalyticticker", "fields": {"analytic": 10, "ticker": 50, "feature": 7, "value": 50.0}}, {"pk": 79, "model": "morbid.featureanalyticticker", "fields": {"analytic": 10, "ticker": 50, "feature": 2, "value": 5.55}}, {"pk": 80, "model": "morbid.featureanalyticticker", "fields": {"analytic": 10, "ticker": 50, "feature": 6, "value": 46.2}}, {"pk": 81, "model": "morbid.featureanalyticticker", "fields": {"analytic": 10, "ticker": 50, "feature": 5, "value": 1.76}}, {"pk": 82, "model": "morbid.featureanalyticticker", "fields": {"analytic": 10, "ticker": 50, "feature": 4, "value": 0.5}}, {"pk": 83, "model": "morbid.featureanalyticticker", "fields": {"analytic": 10, "ticker": 50, "feature": 3, "value": 16.39}}, {"pk": 84, "model": "morbid.featureanalyticticker", "fields": {"analytic": 10, "ticker": 50, "feature": 1, "value": 6.0}}, {"pk": 85, "model": "morbid.featureanalyticticker", "fields": {"analytic": 50, "ticker": 60, "feature": 7, "value": 40.0}}, {"pk": 86, "model": "morbid.featureanalyticticker", "fields": {"analytic": 50, "ticker": 60, "feature": 2, "value": 5.64}}, {"pk": 87, "model": "morbid.featureanalyticticker", "fields": {"analytic": 50, "ticker": 60, "feature": 6, "value": 18.75}}, {"pk": 88, "model": "morbid.featureanalyticticker", "fields": {"analytic": 50, "ticker": 60, "feature": 5, "value": 2.61}}, {"pk": 89, "model": "morbid.featureanalyticticker", "fields": {"analytic": 50, "ticker": 60, "feature": 4, "value": 0.35}}, {"pk": 90, "model": "morbid.featureanalyticticker", "fields": {"analytic": 50, "ticker": 60, "feature": 3, "value": 7.32}}, {"pk": 91, "model": "morbid.featureanalyticticker", "fields": {"analytic": 50, "ticker": 60, "feature": 1, "value": 7.6}}, {"pk": 92, "model": "morbid.featureanalyticticker", "fields": {"analytic": 4, "ticker": 63, "feature": 7, "value": 25.0}}, {"pk": 93, "model": "morbid.featureanalyticticker", "fields": {"analytic": 4, "ticker": 63, "feature": 2, "value": 6.28}}, {"pk": 94, "model": "morbid.featureanalyticticker", "fields": {"analytic": 4, "ticker": 63, "feature": 6, "value": 27.59}}, {"pk": 95, "model": "morbid.featureanalyticticker", "fields": {"analytic": 4, "ticker": 63, "feature": 5, "value": 10.83}}, {"pk": 96, "model": "morbid.featureanalyticticker", "fields": {"analytic": 4, "ticker": 63, "feature": 4, "value": 0.16}}, {"pk": 97, "model": "morbid.featureanalyticticker", "fields": {"analytic": 4, "ticker": 63, "feature": 3, "value": 11.37}}, {"pk": 98, "model": "morbid.featureanalyticticker", "fields": {"analytic": 4, "ticker": 63, "feature": 1, "value": 0.25}}, {"pk": 99, "model": "morbid.featureanalyticticker", "fields": {"analytic": 10, "ticker": 64, "feature": 7, "value": 100.0}}, {"pk": 100, "model": "morbid.featureanalyticticker", "fields": {"analytic": 10, "ticker": 64, "feature": 2, "value": 2.44}}, {"pk": 101, "model": "morbid.featureanalyticticker", "fields": {"analytic": 10, "ticker": 64, "feature": 6, "value": 3.37}}, {"pk": 102, "model": "morbid.featureanalyticticker", "fields": {"analytic": 10, "ticker": 64, "feature": 5, "value": 2.53}}, {"pk": 103, "model": "morbid.featureanalyticticker", "fields": {"analytic": 10, "ticker": 64, "feature": 4, "value": 0.62}}, {"pk": 104, "model": "morbid.featureanalyticticker", "fields": {"analytic": 10, "ticker": 64, "feature": 3, "value": 7.82}}, {"pk": 105, "model": "morbid.featureanalyticticker", "fields": {"analytic": 10, "ticker": 64, "feature": 1, "value": 15.5}}, {"pk": 106, "model": "morbid.featureanalyticticker", "fields": {"analytic": 29, "ticker": 67, "feature": 7, "value": 83.33}}, {"pk": 107, "model": "morbid.featureanalyticticker", "fields": {"analytic": 29, "ticker": 67, "feature": 2, "value": 9.29}}, {"pk": 108, "model": "morbid.featureanalyticticker", "fields": {"analytic": 29, "ticker": 67, "feature": 6, "value": 22.73}}, {"pk": 109, "model": "morbid.featureanalyticticker", "fields": {"analytic": 29, "ticker": 67, "feature": 5, "value": 3.75}}, {"pk": 110, "model": "morbid.featureanalyticticker", "fields": {"analytic": 29, "ticker": 67, "feature": 4, "value": 0.31}}, {"pk": 111, "model": "morbid.featureanalyticticker", "fields": {"analytic": 29, "ticker": 67, "feature": 3, "value": 14.04}}, {"pk": 112, "model": "morbid.featureanalyticticker", "fields": {"analytic": 29, "ticker": 67, "feature": 1, "value": 75.83}}, {"pk": 113, "model": "morbid.featureanalyticticker", "fields": {"analytic": 34, "ticker": 71, "feature": 7, "value": 100.0}}, {"pk": 114, "model": "morbid.featureanalyticticker", "fields": {"analytic": 34, "ticker": 71, "feature": 2, "value": 46.38}}, {"pk": 115, "model": "morbid.featureanalyticticker", "fields": {"analytic": 34, "ticker": 71, "feature": 6, "value": 26.83}}, {"pk": 116, "model": "morbid.featureanalyticticker", "fields": {"analytic": 34, "ticker": 71, "feature": 5, "value": 0.58}}, {"pk": 117, "model": "morbid.featureanalyticticker", "fields": {"analytic": 34, "ticker": 71, "feature": 4, "value": 0.34}}, {"pk": 118, "model": "morbid.featureanalyticticker", "fields": {"analytic": 34, "ticker": 71, "feature": 3, "value": 27.68}}, {"pk": 119, "model": "morbid.featureanalyticticker", "fields": {"analytic": 34, "ticker": 71, "feature": 1, "value": 184.0}}, {"pk": 120, "model": "morbid.featureanalyticticker", "fields": {"analytic": 53, "ticker": 77, "feature": 7, "value": 0.0}}, {"pk": 121, "model": "morbid.featureanalyticticker", "fields": {"analytic": 53, "ticker": 77, "feature": 2, "value": 3.3}}, {"pk": 122, "model": "morbid.featureanalyticticker", "fields": {"analytic": 53, "ticker": 77, "feature": 6, "value": 66.07}}, {"pk": 123, "model": "morbid.featureanalyticticker", "fields": {"analytic": 53, "ticker": 77, "feature": 5, "value": 7.41}}, {"pk": 124, "model": "morbid.featureanalyticticker", "fields": {"analytic": 53, "ticker": 77, "feature": 4, "value": 0.23}}, {"pk": 125, "model": "morbid.featureanalyticticker", "fields": {"analytic": 53, "ticker": 77, "feature": 3, "value": 15.58}}, {"pk": 126, "model": "morbid.featureanalyticticker", "fields": {"analytic": 53, "ticker": 77, "feature": 1, "value": 0.0}}, {"pk": 127, "model": "morbid.featureanalyticticker", "fields": {"analytic": 16, "ticker": 79, "feature": 7, "value": 50.0}}, {"pk": 128, "model": "morbid.featureanalyticticker", "fields": {"analytic": 16, "ticker": 79, "feature": 2, "value": 17.97}}, {"pk": 129, "model": "morbid.featureanalyticticker", "fields": {"analytic": 16, "ticker": 79, "feature": 6, "value": 43.74}}, {"pk": 130, "model": "morbid.featureanalyticticker", "fields": {"analytic": 16, "ticker": 79, "feature": 5, "value": 2.99}}, {"pk": 131, "model": "morbid.featureanalyticticker", "fields": {"analytic": 16, "ticker": 79, "feature": 4, "value": 0.29}}, {"pk": 132, "model": "morbid.featureanalyticticker", "fields": {"analytic": 16, "ticker": 79, "feature": 3, "value": 10.1}}, {"pk": 133, "model": "morbid.featureanalyticticker", "fields": {"analytic": 16, "ticker": 79, "feature": 1, "value": 58.0}}, {"pk": 1, "model": "morbid.targetprice", "fields": {"date": "2013-01-31", "analytic": 5, "price": 50.0, "ticker": 3, "change": 11.11}}, {"pk": 2, "model": "morbid.targetprice", "fields": {"date": "2013-01-31", "analytic": 7, "price": 59.0, "ticker": 5, "change": 9.26}}, {"pk": 3, "model": "morbid.targetprice", "fields": {"date": "2013-01-31", "analytic": 15, "price": 275.0, "ticker": 9, "change": 0.0}}, {"pk": 4, "model": "morbid.targetprice", "fields": {"date": "2013-01-31", "analytic": 21, "price": 56.0, "ticker": 15, "change": 7.69}}, {"pk": 5, "model": "morbid.targetprice", "fields": {"date": "2013-01-31", "analytic": 22, "price": 40.0, "ticker": 16, "change": -9.09}}, {"pk": 6, "model": "morbid.targetprice", "fields": {"date": "2013-01-31", "analytic": 29, "price": 100.0, "ticker": 21, "change": 25.0}}, {"pk": 7, "model": "morbid.targetprice", "fields": {"date": "2013-02-01", "analytic": 40, "price": 43.5, "ticker": 36, "change": 20.83}}, {"pk": 8, "model": "morbid.targetprice", "fields": {"date": "2013-02-01", "analytic": 6, "price": 576.0, "ticker": 40, "change": 19.01}}, {"pk": 9, "model": "morbid.targetprice", "fields": {"date": "2013-02-01", "analytic": 18, "price": 53.0, "ticker": 42, "change": 0.0}}, {"pk": 10, "model": "morbid.targetprice", "fields": {"date": "2013-02-04", "analytic": 28, "price": 333.0, "ticker": 9, "change": 35.92}}, {"pk": 11, "model": "morbid.targetprice", "fields": {"date": "2013-02-04", "analytic": 4, "price": 6.0, "ticker": 49, "change": -14.29}}, {"pk": 12, "model": "morbid.targetprice", "fields": {"date": "2013-02-04", "analytic": 10, "price": 20.0, "ticker": 50, "change": -14.89}}, {"pk": 13, "model": "morbid.targetprice", "fields": {"date": "2013-02-04", "analytic": 50, "price": 46.0, "ticker": 60, "change": 15.0}}, {"pk": 14, "model": "morbid.targetprice", "fields": {"date": "2013-02-05", "analytic": 4, "price": 23.0, "ticker": 63, "change": -14.81}}, {"pk": 15, "model": "morbid.targetprice", "fields": {"date": "2013-02-05", "analytic": 10, "price": 106.0, "ticker": 64, "change": 13.98}}, {"pk": 16, "model": "morbid.targetprice", "fields": {"date": "2013-02-05", "analytic": 29, "price": 51.0, "ticker": 67, "change": 6.25}}, {"pk": 17, "model": "morbid.targetprice", "fields": {"date": "2013-02-05", "analytic": 34, "price": 240.0, "ticker": 71, "change": 4.35}}, {"pk": 18, "model": "morbid.targetprice", "fields": {"date": "2013-02-05", "analytic": 53, "price": 8.7, "ticker": 77, "change": 2.35}}, {"pk": 19, "model": "morbid.targetprice", "fields": {"date": "2013-02-05", "analytic": 16, "price": 58.0, "ticker": 79, "change": -3.33}}, {"pk": 19, "model": "auth.permission", "fields": {"codename": "add_logentry", "name": "Can add log entry", "content_type": 7}}, {"pk": 20, "model": "auth.permission", "fields": {"codename": "change_logentry", "name": "Can change log entry", "content_type": 7}}, {"pk": 21, "model": "auth.permission", "fields": {"codename": "delete_logentry", "name": "Can delete log entry", "content_type": 7}}, {"pk": 22, "model": "auth.permission", "fields": {"codename": "add_apikey", "name": "Can add api key", "content_type": 8}}, {"pk": 23, "model": "auth.permission", "fields": {"codename": "change_apikey", "name": "Can change api key", "content_type": 8}}, {"pk": 24, "model": "auth.permission", "fields": {"codename": "delete_apikey", "name": "Can delete api key", "content_type": 8}}, {"pk": 25, "model": "auth.permission", "fields": {"codename": "add_token", "name": "Can add token", "content_type": 9}}, {"pk": 26, "model": "auth.permission", "fields": {"codename": "change_token", "name": "Can change token", "content_type": 9}}, {"pk": 27, "model": "auth.permission", "fields": {"codename": "delete_token", "name": "Can delete token", "content_type": 9}}, {"pk": 4, "model": "auth.permission", "fields": {"codename": "add_group", "name": "Can add group", "content_type": 2}}, {"pk": 5, "model": "auth.permission", "fields": {"codename": "change_group", "name": "Can change group", "content_type": 2}}, {"pk": 6, "model": "auth.permission", "fields": {"codename": "delete_group", "name": "Can delete group", "content_type": 2}}, {"pk": 1, "model": "auth.permission", "fields": {"codename": "add_permission", "name": "Can add permission", "content_type": 1}}, {"pk": 2, "model": "auth.permission", "fields": {"codename": "change_permission", "name": "Can change permission", "content_type": 1}}, {"pk": 3, "model": "auth.permission", "fields": {"codename": "delete_permission", "name": "Can delete permission", "content_type": 1}}, {"pk": 7, "model": "auth.permission", "fields": {"codename": "add_user", "name": "Can add user", "content_type": 3}}, {"pk": 8, "model": "auth.permission", "fields": {"codename": "change_user", "name": "Can change user", "content_type": 3}}, {"pk": 9, "model": "auth.permission", "fields": {"codename": "delete_user", "name": "Can delete user", "content_type": 3}}, {"pk": 10, "model": "auth.permission", "fields": {"codename": "add_contenttype", "name": "Can add content type", "content_type": 4}}, {"pk": 11, "model": "auth.permission", "fields": {"codename": "change_contenttype", "name": "Can change content type", "content_type": 4}}, {"pk": 12, "model": "auth.permission", "fields": {"codename": "delete_contenttype", "name": "Can delete content type", "content_type": 4}}, {"pk": 34, "model": "auth.permission", "fields": {"codename": "add_analytic", "name": "Can add analytic", "content_type": 12}}, {"pk": 35, "model": "auth.permission", "fields": {"codename": "change_analytic", "name": "Can change analytic", "content_type": 12}}, {"pk": 36, "model": "auth.permission", "fields": {"codename": "delete_analytic", "name": "Can delete analytic", "content_type": 12}}, {"pk": 46, "model": "auth.permission", "fields": {"codename": "add_apikey", "name": "Can add api key", "content_type": 16}}, {"pk": 47, "model": "auth.permission", "fields": {"codename": "change_apikey", "name": "Can change api key", "content_type": 16}}, {"pk": 48, "model": "auth.permission", "fields": {"codename": "delete_apikey", "name": "Can delete api key", "content_type": 16}}, {"pk": 31, "model": "auth.permission", "fields": {"codename": "add_feature", "name": "Can add feature", "content_type": 11}}, {"pk": 32, "model": "auth.permission", "fields": {"codename": "change_feature", "name": "Can change feature", "content_type": 11}}, {"pk": 33, "model": "auth.permission", "fields": {"codename": "delete_feature", "name": "Can delete feature", "content_type": 11}}, {"pk": 40, "model": "auth.permission", "fields": {"codename": "add_featureanalyticticker", "name": "Can add feature analytic ticker", "content_type": 14}}, {"pk": 41, "model": "auth.permission", "fields": {"codename": "change_featureanalyticticker", "name": "Can change feature analytic ticker", "content_type": 14}}, {"pk": 42, "model": "auth.permission", "fields": {"codename": "delete_featureanalyticticker", "name": "Can delete feature analytic ticker", "content_type": 14}}, {"pk": 43, "model": "auth.permission", "fields": {"codename": "add_targetprice", "name": "Can add target price", "content_type": 15}}, {"pk": 44, "model": "auth.permission", "fields": {"codename": "change_targetprice", "name": "Can change target price", "content_type": 15}}, {"pk": 45, "model": "auth.permission", "fields": {"codename": "delete_targetprice", "name": "Can delete target price", "content_type": 15}}, {"pk": 37, "model": "auth.permission", "fields": {"codename": "add_ticker", "name": "Can add ticker", "content_type": 13}}, {"pk": 38, "model": "auth.permission", "fields": {"codename": "change_ticker", "name": "Can change ticker", "content_type": 13}}, {"pk": 39, "model": "auth.permission", "fields": {"codename": "delete_ticker", "name": "Can delete ticker", "content_type": 13}}, {"pk": 28, "model": "auth.permission", "fields": {"codename": "add_unit", "name": "Can add unit", "content_type": 10}}, {"pk": 29, "model": "auth.permission", "fields": {"codename": "change_unit", "name": "Can change unit", "content_type": 10}}, {"pk": 30, "model": "auth.permission", "fields": {"codename": "delete_unit", "name": "Can delete unit", "content_type": 10}}, {"pk": 13, "model": "auth.permission", "fields": {"codename": "add_session", "name": "Can add session", "content_type": 5}}, {"pk": 14, "model": "auth.permission", "fields": {"codename": "change_session", "name": "Can change session", "content_type": 5}}, {"pk": 15, "model": "auth.permission", "fields": {"codename": "delete_session", "name": "Can delete session", "content_type": 5}}, {"pk": 16, "model": "auth.permission", "fields": {"codename": "add_site", "name": "Can add site", "content_type": 6}}, {"pk": 17, "model": "auth.permission", "fields": {"codename": "change_site", "name": "Can change site", "content_type": 6}}, {"pk": 18, "model": "auth.permission", "fields": {"codename": "delete_site", "name": "Can delete site", "content_type": 6}}, {"pk": 1, "model": "auth.user", "fields": {"username": "test", "first_name": "", "last_name": "", "is_active": true, "is_superuser": true, "is_staff": true, "last_login": "2013-02-27T11:39:24.163Z", "groups": [], "user_permissions": [], "password": "pbkdf2_sha256$10000$7yatLCFQvvEp$eGGc5ZiBQV3fuFelqocAzJ1bff1SjT+Z+DuKv2cnjRc=", "email": "x@x.com", "date_joined": "2013-02-27T11:38:44.724Z"}}]